source,category,title,price,original_price,discount_pct,weight_grams,net_protein_grams,cost_per_gram_clp,value_score,verdict_status,verdict_reason,permalink
GlobalNutrition,whey,4Active Dualforce Proteína Whey + Caseína 2270 g | 76 Servicios · 24g Proteína · Sin Azúcar (Copy),42990.0,56990.0,24.6,2270.0,1657.1,25.94,90,COMPRA_INMEDIATA,Excelente ratio de $25.94 CLP/g. Precio por debajo del piso histórico del mercado.,https://globalnutrition.cl/products/4active-dualforce-proteina-whey-caseina-900-g-30-servicios-24g-proteina-sin-azucar-copy?_pos=4&_psq=caseina&_psid=9432047d1&_ss=e
SportNutriShop,whey,PROTEINA 100% WHEY PROTEIN 5LBS - BRIAHLABS,44990.0,54990.0,18.2,2268.0,1655.6,27.17,87,COMPRA_INMEDIATA,Excelente ratio de $27.17 CLP/g. Precio por debajo del piso histórico del mercado.,https://www.sportnutrishop.cl/products/proteina-100-whey-isolate-76-sv-5lbs-briahlabs?_pos=3&_psq=whey&_psid=04d316da4&_ss=e
GlobalNutrition,isolate,BPI Sports ISO HD Proteína Whey Aislada + Hidrolizada 2.27 kg (5 lb) | 69 Servicios · 25g Proteína,75990.0,89990.0,15.6,2268.0,1950.5,38.96,86,COMPRA_INMEDIATA,Excelente ratio de $38.96 CLP/g. Precio por debajo del piso histórico del mercado.,https://globalnutrition.cl/products/bpi-sports-iso-hd-proteina-whey-aislada-5lb-69-servicios?_pos=9&_psq=isolate&_psid=7dbee7d01&_ss=e
SportNutriShop,isolate,"Proteína Hidrolizada Superior A Isolate - 2,3lb - 33 Serv",19990.0,24990.0,20.0,1043.3,897.2,22.28,85,COMPRA_INMEDIATA,Excelente ratio de $22.28 CLP/g. Precio por debajo del piso histórico del mercado.,https://www.sportnutrishop.cl/products/proteina-hidrolizada-superior-a-isolate-2-3lb-33-serv?_pos=7&_psq=isolate&_psid=6629e11ca&_ss=e
All Nutrition,whey,"Whey, Mutant Whey Protein 5 Lb",61590.0,76990.0,20.0,2268.0,1655.6,37.2,85,COMPRA_INMEDIATA,Excelente ratio de $37.2 CLP/g. Precio por debajo del piso histórico del mercado.,https://allnutrition.cl/products/whey-mutant-whey-protein-5-lb?_pos=7&_psq=whey&_psid=67206a7ce&_ss=e
OutletFit,whey,Proteina Whey Gourmet 5lb | Mutant,56990.0,66990.0,14.9,2268.0,1655.6,34.42,84,COMPRA_INMEDIATA,Excelente ratio de $34.42 CLP/g. Precio por debajo del piso histórico del mercado.,https://www.outletfit.cl/proteina-whey-gourmet-5lb-mutant
OutletFit,whey,WHEY PROTEIN CHOCOLATE DREAM (5LB),58990.0,69990.0,15.7,2268.0,1655.6,35.63,84,COMPRA_INMEDIATA,Excelente ratio de $35.63 CLP/g. Precio por debajo del piso histórico del mercado.,https://www.outletfit.cl/whey-protein-chocolate-dream-5lb
OutletFit,whey,WHEY PROTEIN PEANUT BUTTER (5LB),58990.0,69990.0,15.7,2268.0,1655.6,35.63,84,COMPRA_INMEDIATA,Excelente ratio de $35.63 CLP/g. Precio por debajo del piso histórico del mercado.,https://www.outletfit.cl/whey-protein-peanut-butter-5lb
SportNutriShop,isolate,PROTEINA 100% WHEY PROTEIN ISOLATE 1KILO 33 SV - ALPHA MEDICA,28990.0,34990.0,17.1,1000.0,860.0,33.71,83,COMPRA_INMEDIATA,Excelente ratio de $33.71 CLP/g. Precio por debajo del piso histórico del mercado.,https://www.sportnutrishop.cl/products/proteina-100-whey-protein-isolate-1kilo-33-sv-alpha-medica?_pos=1&_psq=isolate&_psid=6629e11ca&_ss=e
SportNutriShop,isolate,PROTEINA ISO HYDRO 5LIBRAS 75 SV - HEXACORE,54990.0,60990.0,9.8,2268.0,1950.5,28.19,82,COMPRA_INMEDIATA,Excelente ratio de $28.19 CLP/g. Precio por debajo del piso histórico del mercado.,https://www.sportnutrishop.cl/products/proteina-iso-hydro-5libras-75-sv-hexacore?_pos=9&_psq=iso+100&_psid=6ab747693&_ss=e
GlobalNutrition,casein,BioTechUSA Micellar Casein 2270g | Proteína de Liberación Lenta · Recuperación · Muscle Support,85990.0,98990.0,13.1,2270.0,1725.2,49.84,82,BUENA_OPCION,Precio justo Cyber ($49.84 CLP/g). Cumple estándar de calidad y formato rentable.,https://globalnutrition.cl/products/biotechusa-micellar-casein-2270g-proteina-de-liberacion-lenta-recuperacion-muscle-support?_pos=1&_psq=caseina&_psid=9432047d1&_ss=e
SportNutriShop,whey,PROTEINA MUSCLE WHEY 4.8LB 64 SERVICIOS - HEXACORE,44990.0,50990.0,11.8,2177.2,1589.4,28.31,81,COMPRA_INMEDIATA,Excelente ratio de $28.31 CLP/g. Precio por debajo del piso histórico del mercado.,https://www.sportnutrishop.cl/products/proteina-muscle-whey-4-8lb-64-servicios-hexacore?_pos=10&_psq=casein&_psid=359d6a8aa&_ss=e
SportNutriShop,whey,PROTEINA 100% WHEY 1 KILO - BRIAHLABS,24990.0,29990.0,16.7,1000.0,730.0,34.23,80,COMPRA_INMEDIATA,Excelente ratio de $34.23 CLP/g. Precio por debajo del piso histórico del mercado.,https://www.sportnutrishop.cl/products/proteina-100-whey-protein-31-servicios-1-kilo-briahlabs?_pos=8&_psq=whey&_psid=04d316da4&_ss=e
SportNutriShop,whey,PROTEINA OXY 7  WHEY PROTEIN 5LBS 67 SV - HEXACORE,49990.0,54990.0,9.1,2268.0,1655.6,30.19,79,COMPRA_INMEDIATA,Excelente ratio de $30.19 CLP/g. Precio por debajo del piso histórico del mercado.,https://www.sportnutrishop.cl/products/proteina-oxy-whey-protein-5lbs-67-sv-hexacore?_pos=5&_psq=caseina&_psid=9b76d0d69&_ss=e
T4T,isolate,"CARNITECH 100% BEEF Protein HYDROLYZED and ISOLATE - 5 lbs / 57 servicios, sabores",64990.0,68990.0,5.8,2268.0,1950.5,33.32,78,COMPRA_INMEDIATA,Excelente ratio de $33.32 CLP/g. Precio por debajo del piso histórico del mercado.,https://t4t.cl/products/carnitech-100-beef-protein-hydrolyzed-and-isolate-5-lbs-57-servicios-sabores?_pos=7&_psq=isolate&_psid=6f007f833&_ss=e
SportNutriShop,whey,PROTEINA 100% WHEY PROTEIN CONCENTRATE 900GR - XPRO NUTRITION,24990.0,30990.0,19.4,900.0,657.0,38.04,78,BUENA_OPCION,Precio justo Cyber ($38.04 CLP/g). Cumple estándar de calidad y formato rentable.,https://www.sportnutrishop.cl/products/proteina-100-whey-protein-concentrate-900gr-xpro-nutrition?_pos=4&_psq=whey&_psid=04d316da4&_ss=e
T4T,whey,"FIT PROTEIN 100% Whey – 4.4 lbs / 60 servicios, sabores",32990.0,36990.0,10.8,1995.8,1456.9,22.64,76,COMPRA_INMEDIATA,Excelente ratio de $22.64 CLP/g. Precio por debajo del piso histórico del mercado.,https://t4t.cl/products/fit-protein-100-whey-4-4-lbs-60-servicios-sabores?_pos=2&_psq=whey&_psid=f76b48618&_ss=e
T4T,whey,"MUTANT Whey 100% Gourmet Protein MIX – 5 lbs / 60 servicios, sabores",58990.0,62990.0,6.4,2268.0,1655.6,35.63,75,BUENA_OPCION,Precio justo Cyber ($35.63 CLP/g). Cumple estándar de calidad y formato rentable.,https://t4t.cl/products/mutant-whey-100-gourmet-protein-mix-5-lbs-60-servicios-sabores?_pos=5&_psq=whey&_psid=f76b48618&_ss=e
All Nutrition,isolate,"ISO Surge, Mutant Isolate Protein 5 Lb",97740.0,114990.0,15.0,2268.0,1950.5,50.11,75,BUENA_OPCION,Precio justo Cyber ($50.11 CLP/g). Cumple estándar de calidad y formato rentable.,https://allnutrition.cl/products/iso-surge-triple-chocolate-5lb-mtant?_pos=5&_psq=isolate&_psid=7a7c00c25&_ss=e
GlobalNutrition,whey,Whey Protein 4Active - 2000 Gramos - 71 Servicios - Proteína - Recuperación muscular,59990.0,69990.0,14.3,2000.0,1460.0,41.09,74,BUENA_OPCION,Precio justo Cyber ($41.09 CLP/g). Cumple estándar de calidad y formato rentable.,https://globalnutrition.cl/products/whey-protein-4active-2000-grs-71-servicios?_pos=2&_psq=whey&_psid=40352612c&_ss=e
ChileSuplementos,whey,Ostrovit 100% Whey Protein 4.4 Lbs Ostrovit,57990.0,69990.0,17.1,1995.8,1456.9,39.8,73,BUENA_OPCION,Precio justo Cyber ($39.8 CLP/g). Cumple estándar de calidad y formato rentable.,https://www.chilesuplementos.cl/producto/100-whey-protein-4-4-lbs-ostrovit/
MixGreen,whey,"Proteína Suero de Leche Vainilla, 1kg",25990.0,28090.0,7.5,1000.0,730.0,35.6,72,BUENA_OPCION,Precio justo Cyber ($35.6 CLP/g). Cumple estándar de calidad y formato rentable.,https://www.mixgreen.cl/products/proteina-suero-de-leche-vainilla-1kg-copia?_pos=7&_psq=casein&_psid=4696ea225&_ss=e
GlobalNutrition,whey,Dynutrition Whey Complex Tempro Dorian Yates 2.25 kg | 75 Servicios · 24g Proteína Multi-Fase,68990.0,78990.0,12.7,2250.0,1642.5,42.0,72,BUENA_OPCION,Precio justo Cyber ($42.0 CLP/g). Cumple estándar de calidad y formato rentable.,https://globalnutrition.cl/products/dynutrition-whey-complex-tempro-dorian-yates-2-25kg-75-servicios?_pos=8&_psq=whey&_psid=40352612c&_ss=e
SportNutriShop,whey,Proteína 100% Whey Gourmet Protein Mix 5 lb - Mutant,64990.0,69990.0,7.1,2268.0,1655.6,39.25,71,BUENA_OPCION,Precio justo Cyber ($39.25 CLP/g). Cumple estándar de calidad y formato rentable.,https://www.sportnutrishop.cl/products/proteina-mutant-whey-5libras?_pos=1&_psq=mutant+whey&_psid=7917e9e19&_ss=e
GlobalNutrition,whey,4Active Dualforce Proteína Whey + Caseína 900 g | 30 Servicios · 24g Proteína · Sin Azúcar,25990.0,29990.0,13.3,900.0,657.0,39.56,71,BUENA_OPCION,Precio justo Cyber ($39.56 CLP/g). Cumple estándar de calidad y formato rentable.,https://globalnutrition.cl/products/4active-dualforce-proteina-whey-caseina-900g-30-servicios?_pos=2&_psq=caseina&_psid=9432047d1&_ss=e
GlobalNutrition,whey,BioTechUSA 100% Pure Whey Proteína 2.27 kg | 81 Servicios · 24g Proteína · Recuperación Muscular,74990.0,90990.0,17.6,2270.0,1657.1,45.25,71,BUENA_OPCION,Precio justo Cyber ($45.25 CLP/g). Cumple estándar de calidad y formato rentable.,https://globalnutrition.cl/products/biotechusa-100-pure-whey-2-27kg-81-servicios?_pos=7&_psq=whey&_psid=40352612c&_ss=e
Supletech,isolate,Animal Whey isolate 4lbs - Animal Vainilla,76990.0,89990.0,14.4,1814.4,1560.4,49.34,71,BUENA_OPCION,Precio justo Cyber ($49.34 CLP/g). Cumple estándar de calidad y formato rentable.,https://www.supletech.cl/animal-whey-isolate-4lbs-animal/p
Supletech,isolate,iso HD whey protein isolate 5 lbs - Bpi Sports Chocolate Brownie,89990.0,,0.0,2268.0,1950.5,46.14,70,BUENA_OPCION,Precio justo Cyber ($46.14 CLP/g). Cumple estándar de calidad y formato rentable.,https://www.supletech.cl/iso-hd-whey-protein-isolate-5-lbs---bpi-sports/p
T4T,whey,"WHEY Protein (SIN Gluten / Lactosa / Azúcar) - 2000 grs / 71 servicios, sabores",57990.0,61990.0,6.5,2000.0,1460.0,39.72,69,BUENA_OPCION,Precio justo Cyber ($39.72 CLP/g). Cumple estándar de calidad y formato rentable.,https://t4t.cl/products/whey-protein-sin-gluten-lactosa-azucar-2000-grs-71-servicios-chocolate-suizo?_pos=10&_psq=whey&_psid=f76b48618&_ss=e
MixGreen,whey,"Proteína Suero de Leche Vainilla, 350g",10850.0,13990.0,22.4,350.0,255.5,42.47,69,BUENA_OPCION,Precio justo Cyber ($42.47 CLP/g). Cumple estándar de calidad y formato rentable.,https://www.mixgreen.cl/products/proteina-suero-de-leche-vainilla-350g?_pos=8&_psq=casein&_psid=4696ea225&_ss=e
SportNutriShop,isolate,Iso Whey Zero 5 Libras Biotechusa - 90 Serv,94990.0,99990.0,5.0,2268.0,1950.5,48.7,69,BUENA_OPCION,Precio justo Cyber ($48.7 CLP/g). Cumple estándar de calidad y formato rentable.,https://www.sportnutrishop.cl/products/iso-whey-zero-5-libras-biotechusa-90-serv?_pos=8&_psq=isolate&_psid=6629e11ca&_ss=e
GlobalNutrition,isolate,Dynutrition ShadoWhey Isolate Dorian Yates 2 kg | 66 Servicios · 26g Proteína · Bajo en Carbos,91990.0,109990.0,16.4,2000.0,1720.0,53.48,69,BUENA_OPCION,Precio justo Cyber ($53.48 CLP/g). Cumple estándar de calidad y formato rentable.,https://globalnutrition.cl/products/dynutrition-shadowhey-isolate-dorian-yates-2kg-66-servicios?_pos=5&_psq=isolate&_psid=7dbee7d01&_ss=e
GlobalNutrition,isolate,"4Active 100% Isolate Protein 2000 G | Proteína Aislada 24g de Proteína, 5g BCAA y Bajo en Azúcar",98990.0,139990.0,29.3,2000.0,1720.0,57.55,69,BUENA_OPCION,Precio justo Cyber ($57.55 CLP/g). Cumple estándar de calidad y formato rentable.,https://globalnutrition.cl/products/4active-100-isolate-protein-2000g?_pos=2&_psq=isolate&_psid=7dbee7d01&_ss=e
SportNutriShop,whey,"Proteína Whey Complex Tempro 2270 g, 75 servicios – DY Nutrition",68990.0,73990.0,6.8,2270.0,1657.1,41.63,67,BUENA_OPCION,Precio justo Cyber ($41.63 CLP/g). Cumple estándar de calidad y formato rentable.,https://www.sportnutrishop.cl/products/proteina-whey-complex-tempro-2270g-75sv-dy-nutrition?_pos=4&_psq=caseina&_psid=9b76d0d69&_ss=e
Strongest,whey,"WHEY BLEND PROTEIN STRONGEST - 2kg STRONGEST Presentamos blend whey strongest, una proteína formulada ...",54990.0,,0.0,2000.0,1460.0,37.66,66,BUENA_OPCION,Precio justo Cyber ($37.66 CLP/g). Cumple estándar de calidad y formato rentable.,https://www.strongest.cl/product/whey-blend-protein-strongest-2kg
SportNutriShop,whey,Proteina 100% Pure Whey 5libras 81 Servicios - Biotechusa,69990.0,74990.0,6.7,2268.0,1655.6,42.27,66,BUENA_OPCION,Precio justo Cyber ($42.27 CLP/g). Cumple estándar de calidad y formato rentable.,https://www.sportnutrishop.cl/products/proteina-100-pure-whey-5libras-81-servicios-biotechusa?_pos=7&_psq=whey&_psid=04d316da4&_ss=e
T4T,whey,"Protein PHORM Beef + Whey Hybrid Protein Matrix - 5 lbs / 74 servicios, sabores",69990.0,73990.0,5.4,2268.0,1655.6,42.27,64,BUENA_OPCION,Precio justo Cyber ($42.27 CLP/g). Cumple estándar de calidad y formato rentable.,https://t4t.cl/products/protein-phorm-beef-whey-hybrid-protein-matrix-5-lbs-sabores?_pos=8&_psq=whey&_psid=f76b48618&_ss=e
SportNutriShop,whey,Proteina 100% Whey Protein 2000g 66 Sv - Ostrovit,64990.0,69990.0,7.1,2000.0,1460.0,44.51,63,BUENA_OPCION,Precio justo Cyber ($44.51 CLP/g). Cumple estándar de calidad y formato rentable.,https://www.sportnutrishop.cl/products/proteina-100-whey-protein-2000g-66-sv-hazelnut-ostrovit?_pos=10&_psq=whey&_psid=04d316da4&_ss=e
GlobalNutrition,whey,BioTechUSA Platinum Whey Proteína  2.27 kg | 88 Servicios · 23g Proteína · Premium,82990.0,99990.0,17.0,2270.0,1657.1,50.08,63,NO_CONVIENE,Costo por gramo ($50.08 CLP/g) superior a la media de conveniencia. Conviene buscar formato mayor.,https://globalnutrition.cl/products/biotechusa-platinum-whey-proteina-aislada-2-27kg-88-servicios?_pos=3&_psq=whey&_psid=40352612c&_ss=e
Supletech,whey,Whey Protein 2lbs - Ghost Marshmallow Cereal Milk,34990.0,58990.0,40.7,907.2,662.3,52.83,63,NO_CONVIENE,Costo por gramo ($52.83 CLP/g) superior a la media de conveniencia. Conviene buscar formato mayor.,https://www.supletech.cl/whey-protein-2lbs-ghost/p
T4T,isolate,"100% ISOLATE Protein (SIN Gluten / Lactosa / Azúcar) - 2000 grs / 69 servicios, sabores",89990.0,93990.0,4.3,2000.0,1720.0,52.32,61,NO_CONVIENE,Costo por gramo ($52.32 CLP/g) superior a la media de conveniencia. Conviene buscar formato mayor.,https://t4t.cl/products/100-isolate-protein-sin-gluten-lactosa-azucar-2000-grs-69-servicios-sabores?_pos=2&_psq=isolate&_psid=6f007f833&_ss=e
T4T,isolate,"Shadowhey ISOLATE 100% Whey Protein - 2000 grs / 66 servicios, sabores",89990.0,93990.0,4.3,2000.0,1720.0,52.32,61,NO_CONVIENE,Costo por gramo ($52.32 CLP/g) superior a la media de conveniencia. Conviene buscar formato mayor.,https://t4t.cl/products/shadowhey-isolate-100-whey-protein-2000-grs-66-servicios-sabores?_pos=5&_psq=isolate&_psid=6f007f833&_ss=e
SportNutriShop,isolate,PROTEINA WHEY ISOLATE 5LBS - BASIC,103990.0,108990.0,4.6,2268.0,1950.5,53.31,59,NO_CONVIENE,Costo por gramo ($53.31 CLP/g) superior a la media de conveniencia. Conviene buscar formato mayor.,https://www.sportnutrishop.cl/products/proteina-whey-isolate-5lbs-basic?_pos=4&_psq=isolate&_psid=6629e11ca&_ss=e
T4T,whey,"NitroTech 100% WHEY GOLD – 5 lbs / 69 servicios, sabores",76990.0,80990.0,4.9,2268.0,1655.6,46.5,58,NO_CONVIENE,Costo por gramo ($46.5 CLP/g) superior a la media de conveniencia. Conviene buscar formato mayor.,https://t4t.cl/products/nitrotech-100-whey-gold-5-lbs-69-servicios-sabores?_pos=7&_psq=mutant+whey&_psid=1414cdf31&_ss=e
MixGreen,whey,"100% Whey Protein, Sabor Vainilla, 2lb.",32850.0,38990.0,15.7,907.2,662.3,49.6,58,NO_CONVIENE,Costo por gramo ($49.6 CLP/g) superior a la media de conveniencia. Conviene buscar formato mayor.,https://www.mixgreen.cl/products/100-whey-protein-sabor-vainilla-2lb-nutrex?_pos=3&_psq=whey&_psid=18837d8f2&_ss=e
SportNutriShop,isolate,"Proteína 100% Hydro Isolate 2000 g, 86 servicios – Scitec Nutrition",89000.0,0.0,0.0,2000.0,1720.0,51.74,58,BUENA_OPCION,Precio justo Cyber ($51.74 CLP/g). Cumple estándar de calidad y formato rentable.,https://www.sportnutrishop.cl/products/proteina-100-hydro-isolate-2000gr-86-sv-scitec-nutrition?_pos=5&_psq=isolate&_psid=6629e11ca&_ss=e
All Nutrition,whey,"Syntha 6, Whey protein (5 Lb) - Original",82990.0,89990.0,7.8,2268.0,1655.6,50.13,55,NO_CONVIENE,Costo por gramo ($50.13 CLP/g) superior a la media de conveniencia. Conviene buscar formato mayor.,https://allnutrition.cl/products/syntha-6-5-lb?_pos=2&_psq=caseina&_psid=92f6840e8&_ss=e
OutletFit,whey,Gold Standard 100% Whey Protein (5 Lb) - Original,94990.0,119990.0,20.8,2268.0,1655.6,57.37,55,INFLADO,"Tiene un supuesto descuento del 20.8%, pero su costo por gramo ($57.37) sigue siendo elevado.",https://www.outletfit.cl/gold-standard-100-whey-protein-5-lb-original
All Nutrition,whey,"Whey Gold, Ultimate Nutrition Whey Protein 5 Lb",76990.0,77990.0,1.3,2268.0,1655.6,46.5,54,NO_CONVIENE,Costo por gramo ($46.5 CLP/g) superior a la media de conveniencia. Conviene buscar formato mayor.,https://allnutrition.cl/products/whey-gold-5lb?_pos=9&_psq=mutant+whey&_psid=e1a08ae30&_ss=e
Winkler Nutrition,casein,Caseína Micellar Casein 1 kg – 33 servicios,42990.0,0.0,0.0,1000.0,760.0,56.57,54,BUENA_OPCION,Precio justo Cyber ($56.57 CLP/g). Cumple estándar de calidad y formato rentable.,https://winklernutrition.cl/products/proteina-caseina-micellar-casein-1-kg?_pos=1&_psq=caseina&_psid=4f6e21961&_ss=e
GlobalNutrition,whey,BSN Syntha-6 Proteína Whey Multi-Fase 2.27 kg (5 lb) | 48 Servicios · 22g Proteína,78990.0,80990.0,2.5,2268.0,1655.6,47.71,53,NO_CONVIENE,Costo por gramo ($47.71 CLP/g) superior a la media de conveniencia. Conviene buscar formato mayor.,https://globalnutrition.cl/products/bsn-syntha-6-proteina-whey-2-27kg-48-servicios?_pos=10&_psq=caseina&_psid=9432047d1&_ss=e
T4T,isolate,"ISO GOLD Premium Whey Protein ISOLATE Shake Mix- 5 lbs / 73 servicios, sabores",108990.0,112990.0,3.5,2268.0,1950.5,55.88,53,NO_CONVIENE,Costo por gramo ($55.88 CLP/g) superior a la media de conveniencia. Conviene buscar formato mayor.,https://t4t.cl/products/iso-gold-premium-whey-protein-isolate-shake-mix-5-lbs-73-servicios?_pos=3&_psq=gold+standard&_psid=28b7789f4&_ss=e
OutletFit,whey,Proteína Prostar 100% Whey 5lb,92990.0,109990.0,15.5,2268.0,1655.6,56.17,53,NO_CONVIENE,Costo por gramo ($56.17 CLP/g) superior a la media de conveniencia. Conviene buscar formato mayor.,https://www.outletfit.cl/proteina-prostar-100-whey-5lb
Supletech,whey,Animal Whey 4lbs - Animal Chocolate,68990.0,79990.0,13.8,1814.4,1324.5,52.09,52,NO_CONVIENE,Costo por gramo ($52.09 CLP/g) superior a la media de conveniencia. Conviene buscar formato mayor.,https://www.supletech.cl/animal-100--whey-4lbs-animal/p
Supletech,whey,Animal Whey 4lbs - Animal Vainilla,68990.0,79990.0,13.8,1814.4,1324.5,52.09,52,NO_CONVIENE,Costo por gramo ($52.09 CLP/g) superior a la media de conveniencia. Conviene buscar formato mayor.,https://www.supletech.cl/animal-100--whey-4lbs-animal/p
OutletFit,whey,Prostar Whey Protein Dubai Chocolate Ultimate Nutrition 5 lb,91990.0,104990.0,12.4,2268.0,1655.6,55.56,51,NO_CONVIENE,Costo por gramo ($55.56 CLP/g) superior a la media de conveniencia. Conviene buscar formato mayor.,https://www.outletfit.cl/prostar-whey-protein-dubai-chocolate-ultimate-nutrition-5-lb
SportNutriShop,isolate,PROTEINA 100% ISOLATE PROTEIN 2000G - 4ACTIVE,98990.0,103990.0,4.8,2000.0,1720.0,57.55,51,NO_CONVIENE,Costo por gramo ($57.55 CLP/g) superior a la media de conveniencia. Conviene buscar formato mayor.,https://www.sportnutrishop.cl/products/proteina-100-isolate-protein-2000g-4active?_pos=10&_psq=isolate&_psid=6629e11ca&_ss=e
All Nutrition,whey,"Impact, Myprotein Whey Protein 2.5 kg",90990.0,92990.0,2.2,2500.0,1825.0,49.86,50,NO_CONVIENE,Costo por gramo ($49.86 CLP/g) superior a la media de conveniencia. Conviene buscar formato mayor.,https://allnutrition.cl/products/impact-whey-protein-2-5kg-chocolate-smooth-mpro?_pos=6&_psq=whey&_psid=67206a7ce&_ss=e
Strongest,whey,"WHEY BLEND STRONG 900G STRONGEST Presentamos blend whey strongest, una proteína formulada ...",29990.0,,0.0,900.0,657.0,45.65,49,NO_CONVIENE,Costo por gramo ($45.65 CLP/g) superior a la media de conveniencia. Conviene buscar formato mayor.,https://www.strongest.cl/product/whey-blend-strong-900g
Strongest,whey,"WHEY PROTEIN JOYPRO 900 G SHARK PRO Libera tu fuerza, vive tu placer.",29990.0,,0.0,900.0,657.0,45.65,49,NO_CONVIENE,Costo por gramo ($45.65 CLP/g) superior a la media de conveniencia. Conviene buscar formato mayor.,https://www.strongest.cl/product/whey-protein-joypro-900-g
GlobalNutrition,whey,4Active Whey Protein 840 g | 30 Servicios · 22g Proteína · Recuperación Muscular Diaria,29990.0,32990.0,9.1,840.0,613.2,48.91,49,NO_CONVIENE,Costo por gramo ($48.91 CLP/g) superior a la media de conveniencia. Conviene buscar formato mayor.,https://globalnutrition.cl/products/4active-whey-protein-840g-30-servicios?_pos=1&_psq=whey&_psid=40352612c&_ss=e
SportNutriShop,whey,PROTEINA WHEY SYNTHA-6 2.9LBS - BSN,49990.0,54990.0,9.1,1315.4,960.2,52.06,49,NO_CONVIENE,Costo por gramo ($52.06 CLP/g) superior a la media de conveniencia. Conviene buscar formato mayor.,https://www.sportnutrishop.cl/products/proteina-whey-syntha-6-2-9lbs-bsn?_pos=1&_psq=caseina&_psid=9b76d0d69&_ss=e
GlobalNutrition,isolate,RAW Nutrition Itholate Protein 5 lb | 76 Servicios · Whey Isolate · Alta Pureza y Recuperación Muscular,118990.0,129990.0,8.5,2268.0,1950.5,61.0,49,NO_CONVIENE,Costo por gramo ($61.0 CLP/g) superior a la media de conveniencia. Conviene buscar formato mayor.,https://globalnutrition.cl/products/raw-nutrition-itholate-protein-5-lb-76-servicios-whey-isolate-alta-pureza-y-recuperacion-muscular?_pos=3&_psq=isolate&_psid=7dbee7d01&_ss=e
Supletech,whey,100% Whey  5 lbs  - Nutrex Chocolate,86990.0,90990.0,4.4,2268.0,1655.6,52.54,48,NO_CONVIENE,Costo por gramo ($52.54 CLP/g) superior a la media de conveniencia. Conviene buscar formato mayor.,https://www.supletech.cl/100--whey--5lbs-nutrex/p
T4T,whey,"PROSTAR 100% Whey Protein – 5.28 lbs / 80 servicios, sabores",92990.0,96990.0,4.1,2395.0,1748.3,53.19,47,NO_CONVIENE,Costo por gramo ($53.19 CLP/g) superior a la media de conveniencia. Conviene buscar formato mayor.,https://t4t.cl/products/prostar-100-whey-protein-5-28-lbs-80-servicios-sabores?_pos=1&_psq=whey&_psid=f76b48618&_ss=e
All Nutrition,whey,"ProStar, Ultimate Nutrition Whey Protein  5 Lb",94490.0,104990.0,10.0,2268.0,1655.6,57.07,47,NO_CONVIENE,Costo por gramo ($57.07 CLP/g) superior a la media de conveniencia. Conviene buscar formato mayor.,https://allnutrition.cl/products/prostar-whey-5-lb-ul?_pos=5&_psq=whey&_psid=67206a7ce&_ss=e
All Nutrition,isolate,"Isofit, Nutrex Isolate Protein 5 Lb",113990.0,115990.0,1.7,2268.0,1950.5,58.44,47,NO_CONVIENE,Costo por gramo ($58.44 CLP/g) superior a la media de conveniencia. Conviene buscar formato mayor.,https://allnutrition.cl/products/isofit-5-1-lb?_pos=8&_psq=isolate&_psid=7a7c00c25&_ss=e
All Nutrition,casein,"MICELLAR CREME 2 LB, SYNTRAX",41990.0,0.0,0.0,907.2,689.5,60.9,46,NO_CONVIENE,Costo por gramo ($60.9 CLP/g) superior a la media de conveniencia. Conviene buscar formato mayor.,https://allnutrition.cl/products/micellar-creme-2-lb-milkshake-syntrax?_pos=1&_psq=caseina&_psid=92f6840e8&_ss=e
OutletFit,whey,NutraBio Classic Whey Creamy Vanilla 2 lb | 25 g Proteína,39980.0,49990.0,20.0,907.2,662.3,60.37,45,INFLADO,"Tiene un supuesto descuento del 20.0%, pero su costo por gramo ($60.37) sigue siendo elevado.",https://www.outletfit.cl/nutrabio-classic-whey-creamy-vanilla-2-lb-25-g-proteina
OutletFit,whey,NutraBio Classic Whey Chocolate Peanut Butter 2 lb | 25 g Proteína,39980.0,49990.0,20.0,907.2,662.3,60.37,45,INFLADO,"Tiene un supuesto descuento del 20.0%, pero su costo por gramo ($60.37) sigue siendo elevado.",https://www.outletfit.cl/nutrabio-classic-whey-chocolate-peanut-butter-2-lb-25-g-proteina
GlobalNutrition,whey,BioTechUSA 100% Pure Whey Natural 1 kg | Sin Sabor · 24g Proteína · Sin Azúcar Añadida,44990.0,58990.0,23.7,1000.0,730.0,61.63,45,INFLADO,"Tiene un supuesto descuento del 23.7%, pero su costo por gramo ($61.63) sigue siendo elevado.",https://globalnutrition.cl/products/biotechusa-100-pure-whey-natural-1kg-sin-sabor?_pos=6&_psq=whey&_psid=40352612c&_ss=e
All Nutrition,whey,"Gold Standard, Optimum Nutrition Whey Protein 5 Lb, Original",97190.0,107990.0,10.0,2268.0,1655.6,58.7,44,NO_CONVIENE,Costo por gramo ($58.7 CLP/g) superior a la media de conveniencia. Conviene buscar formato mayor.,https://allnutrition.cl/products/100-whey-protein-5lb-gold-standard-optimum-nutrition?_pos=1&_psq=whey&_psid=67206a7ce&_ss=e
OutletFit,whey,Proteína Whey Sin Sabor Your Protein 660 g | 25 g Proteína,29990.0,44990.0,33.3,660.0,481.8,62.25,44,INFLADO,"Tiene un supuesto descuento del 33.3%, pero su costo por gramo ($62.25) sigue siendo elevado.",https://www.outletfit.cl/proteina-whey-sin-sabor-your-protein-660g
Strongest,whey,"WHEY BLEND IRON ELEMENT 900GR. STRONGEST Creada para quienes buscan una proteína deliciosa, prácti...",32990.0,,0.0,900.0,657.0,50.21,42,NO_CONVIENE,Costo por gramo ($50.21 CLP/g) superior a la media de conveniencia. Conviene buscar formato mayor.,https://www.strongest.cl/product/whey-blend-iron-element-900gr
T4T,whey,"Protein PHORM Beef + Whey Hybrid Protein Matrix - 2 lbs / 29 servicios, sabores",37990.0,41990.0,9.5,907.2,662.3,57.36,41,NO_CONVIENE,Costo por gramo ($57.36 CLP/g) superior a la media de conveniencia. Conviene buscar formato mayor.,https://t4t.cl/products/protein-phorm-beef-whey-hybrid-protein-matrix-2-lbs-29-servicios-sabores?_pos=7&_psq=whey&_psid=f76b48618&_ss=e
All Nutrition,whey,"Nitro Tech Gold, Muscletech Whey Protein 5 Lb",94990.0,99990.0,5.0,2268.0,1655.6,57.37,41,NO_CONVIENE,Costo por gramo ($57.37 CLP/g) superior a la media de conveniencia. Conviene buscar formato mayor.,https://allnutrition.cl/products/nitro-tech-100-whey-gold-5-5-lb?_pos=8&_psq=whey&_psid=67206a7ce&_ss=e
ChileSuplementos,whey,Rule 1 Rule1 Whey Protein 1 LB,21490.0,35190.0,38.9,453.6,331.1,64.9,41,INFLADO,"Tiene un supuesto descuento del 38.9%, pero su costo por gramo ($64.9) sigue siendo elevado.",https://www.chilesuplementos.cl/producto/rule1-whey-protein-blend-1-lb/
Strongest,whey,"PRO 100% WHEY 2KG - STRONGEST STRONGEST Con pro 100% whey de strongest, estás eligiendo una prote...",79990.0,,0.0,2000.0,1460.0,54.79,40,NO_CONVIENE,Costo por gramo ($54.79 CLP/g) superior a la media de conveniencia. Conviene buscar formato mayor.,https://www.strongest.cl/product/pro-100-whey-2kg-strongest
All Nutrition,whey,"Whey Matrix, Sportlab Whey Protein 5Lb",92990.0,94990.0,2.1,2268.0,1655.6,56.17,40,NO_CONVIENE,Costo por gramo ($56.17 CLP/g) superior a la media de conveniencia. Conviene buscar formato mayor.,https://allnutrition.cl/products/whey-matrix-5-lb?_pos=1&_psq=casein&_psid=e258fdf43&_ss=e
T4T,whey,"GOLD STANDARD 100% Whey – 5 lbs / 73 servicios, sabores",94990.0,98990.0,4.0,2268.0,1655.6,57.37,40,NO_CONVIENE,Costo por gramo ($57.37 CLP/g) superior a la media de conveniencia. Conviene buscar formato mayor.,https://t4t.cl/products/gold-standard-100-whey-5-lbs-sabores-varios?_pos=3&_psq=whey&_psid=f76b48618&_ss=e
Supletech,whey,100% Whey Protein Premium Line 1lbs - Foodtech Smothie Delite Vainilla,20990.0,28990.0,27.6,453.6,331.1,63.39,40,INFLADO,"Tiene un supuesto descuento del 27.6%, pero su costo por gramo ($63.39) sigue siendo elevado.",https://www.supletech.cl/100--whey-protein-premium-line-1lbs-foodtech/p
Supletech,whey,100% Whey Protein Premium Line 1lbs - Foodtech Premium Chocolate Flavor,20990.0,28990.0,27.6,453.6,331.1,63.39,40,INFLADO,"Tiene un supuesto descuento del 27.6%, pero su costo por gramo ($63.39) sigue siendo elevado.",https://www.supletech.cl/100--whey-protein-premium-line-1lbs-foodtech/p
SportNutriShop,isolate,PROTEINA HIDROLIZADA ISO 100 5LB - DYMATIZE,124990.0,129990.0,3.8,2268.0,1950.5,64.08,40,NO_CONVIENE,Costo por gramo ($64.08 CLP/g) superior a la media de conveniencia. Conviene buscar formato mayor.,https://www.sportnutrishop.cl/products/iso-100-hydrolyzed-protein-power-dymatize-5libras?_pos=3&_psq=isolate&_psid=6629e11ca&_ss=e
MixGreen,isolate,"Protein Isolate, Proteína Vegana, Sabor Vainilla, 2 lb",46850.0,47990.0,2.4,907.2,780.2,60.05,39,NO_CONVIENE,Costo por gramo ($60.05 CLP/g) superior a la media de conveniencia. Conviene buscar formato mayor.,https://www.mixgreen.cl/products/protein-isolate-prote-na-vegana-sabor-vainilla-2-lb-ultimate-nutrition?_pos=5&_psq=isolate&_psid=3e7d69a3a&_ss=e
OutletFit,whey,Pure Gold Compact Whey Gold Salted Caramel 500 g | 23 g Proteína,22990.0,29990.0,23.3,500.0,365.0,62.99,39,INFLADO,"Tiene un supuesto descuento del 23.3%, pero su costo por gramo ($62.99) sigue siendo elevado.",https://www.outletfit.cl/pure-gold-compact-whey-gold-salted-caramel-500-g-23-g-proteina
OutletFit,whey,Pure Gold Compact Whey Gold Strawberry Ice Cream 500 g | 23 g Proteína,22990.0,29990.0,23.3,500.0,365.0,62.99,39,INFLADO,"Tiene un supuesto descuento del 23.3%, pero su costo por gramo ($62.99) sigue siendo elevado.",https://www.outletfit.cl/pure-gold-compact-whey-gold-strawberry-ice-cream-500-g-23-g-proteina
SportNutriShop,isolate,PROTEINA ISO PRO 1000GR 40 SERVICIOS - NUTRIVERSUM,54990.0,59990.0,8.3,1000.0,860.0,63.94,39,NO_CONVIENE,Costo por gramo ($63.94 CLP/g) superior a la media de conveniencia. Conviene buscar formato mayor.,https://www.sportnutrishop.cl/products/proteina-iso-pro-1000gr-40-servicios-nutriversum?_pos=10&_psq=iso+100&_psid=6ab747693&_ss=e
GlobalNutrition,isolate,Nutriversum Iso Pro Proteína Aislada 1 kg | 40 Servicios · 23g Proteína · Bajo en Carbos,54990.0,59990.0,8.3,1000.0,860.0,63.94,39,NO_CONVIENE,Costo por gramo ($63.94 CLP/g) superior a la media de conveniencia. Conviene buscar formato mayor.,https://globalnutrition.cl/products/nutriversum-iso-pro-proteina-aislada-1kg-40-servicios?_pos=10&_psq=mutant+whey&_psid=022d6e8d5&_ss=e
Strongest,whey,"100% WHEY PROTEIN 1,8 KG SHARK PRO Con 100% whey protein de shark pro, estás eligiendo un al...",69990.0,,0.0,1800.0,1314.0,53.26,38,NO_CONVIENE,Costo por gramo ($53.26 CLP/g) superior a la media de conveniencia. Conviene buscar formato mayor.,https://www.strongest.cl/product/100-whey-protein-1-8-kg
MixGreen,whey,"WPC80 100% Whey Protein, Sin Sabor, 2lbs",36850.0,37990.0,3.0,907.2,662.3,55.64,37,NO_CONVIENE,Costo por gramo ($55.64 CLP/g) superior a la media de conveniencia. Conviene buscar formato mayor.,https://www.mixgreen.cl/products/wpc80-100-whey-protein-sin-sabor-2lbs-foodtech?_pos=2&_psq=whey&_psid=18837d8f2&_ss=e
MixGreen,whey,"Women Whey Protein, Frutos del Bosque, 2lb",36850.0,37990.0,3.0,907.2,662.3,55.64,37,NO_CONVIENE,Costo por gramo ($55.64 CLP/g) superior a la media de conveniencia. Conviene buscar formato mayor.,https://www.mixgreen.cl/products/women-whey-protein-frutos-del-bosque-2lb-foodtech?_pos=4&_psq=whey&_psid=18837d8f2&_ss=e
MixGreen,isolate,"Protein Isolate, Proteína Vegana, Sabor Chocolate, 2 lb",48250.0,48990.0,1.5,907.2,780.2,61.84,36,NO_CONVIENE,Costo por gramo ($61.84 CLP/g) superior a la media de conveniencia. Conviene buscar formato mayor.,https://www.mixgreen.cl/products/protein-isolate-proteina-vegana-sabor-chocolate-2-lb-ultimate-nutrition?_pos=3&_psq=isolate&_psid=3e7d69a3a&_ss=e
All Nutrition,isolate,"Protein Isolate, Ultimate Nutrition proteína vegana 2 lb",48990.0,49990.0,2.0,907.2,780.2,62.79,35,NO_CONVIENE,Costo por gramo ($62.79 CLP/g) superior a la media de conveniencia. Conviene buscar formato mayor.,https://allnutrition.cl/products/protein-isolate-2lb-proteina-vegetariana?_pos=10&_psq=isolate&_psid=7a7c00c25&_ss=e
MixGreen,whey,"Whey Protein Chocolate Suizo, 947 gr.",39190.0,39990.0,2.0,947.0,691.3,56.69,34,NO_CONVIENE,Costo por gramo ($56.69 CLP/g) superior a la media de conveniencia. Conviene buscar formato mayor.,https://www.mixgreen.cl/products/whey-protein-chocolate-suizo-947-gr-fnl?_pos=1&_psq=whey&_psid=18837d8f2&_ss=e
OutletFit,whey,Proteina Whey Gourmet 2lb | Mutant,41990.0,46990.0,10.6,907.2,662.3,63.4,33,NO_CONVIENE,Costo por gramo ($63.4 CLP/g) superior a la media de conveniencia. Conviene buscar formato mayor.,https://www.outletfit.cl/proteina-mutant-whey-gourmet-2-lb
All Nutrition,whey,"Syntha 6, Whey protein (2,9 Lb) - Original",56990.0,58990.0,3.4,1315.4,960.2,59.35,32,NO_CONVIENE,Costo por gramo ($59.35 CLP/g) superior a la media de conveniencia. Conviene buscar formato mayor.,https://allnutrition.cl/products/syntha-6-2-9-lb?_pos=3&_psq=caseina&_psid=92f6840e8&_ss=e
Winkler Nutrition,whey,Whey Pro Complex-Proteína 500 g - 15 porciones,19990.0,0.0,0.0,500.0,365.0,54.77,31,NO_CONVIENE,Costo por gramo ($54.77 CLP/g) superior a la media de conveniencia. Conviene buscar formato mayor.,https://winklernutrition.cl/products/proteina-whey-pro-complex-multi-fase-500-grs?_pos=5&_psq=whey&_psid=cdf830225&_ss=e
OutletFit,whey,Whey Pro-Win Winkler 4.4 lb Chocolate Suizo,91990.0,99990.0,8.0,1995.8,1456.9,63.14,31,NO_CONVIENE,Costo por gramo ($63.14 CLP/g) superior a la media de conveniencia. Conviene buscar formato mayor.,https://www.outletfit.cl/whey-pro-win-winkler-4-4-lb-chocolate-suizo
OutletFit,whey,Whey Pro-Win Winkler 4.4 lb Frutos del Bosque,91990.0,99990.0,8.0,1995.8,1456.9,63.14,31,NO_CONVIENE,Costo por gramo ($63.14 CLP/g) superior a la media de conveniencia. Conviene buscar formato mayor.,https://www.outletfit.cl/whey-pro-win-winkler-4-4-lb-frutos-del-bosque
Strongest,whey,WHEY 100% STRONG 900G STRONGEST La proteína que construye resultados reales. diseñada par...,39990.0,,0.0,900.0,657.0,60.87,26,NO_CONVIENE,Costo por gramo ($60.87 CLP/g) superior a la media de conveniencia. Conviene buscar formato mayor.,https://www.strongest.cl/product/whey-100-strong-900g
Winkler Nutrition,whey,Femme Protein - Proteína Whey 1 kg - 30 porciones,46990.0,0.0,0.0,1000.0,730.0,64.37,21,NO_CONVIENE,Costo por gramo ($64.37 CLP/g) superior a la media de conveniencia. Conviene buscar formato mayor.,https://winklernutrition.cl/products/proteina-whey-femme-protein-1-kg?_pos=7&_psq=whey&_psid=cdf830225&_ss=e
